depth1,depth1-1,depth1-2,depth1-3,depth1-4,depth1-5,depth1-6,depth1-7,depth1-8,depth1-9,depth1-10,depth1-11,depth1-12,depth1-13,depth1-14,depth1-15,
url1,url1-1,url1-2,url1-3,url1-4,url1-5,url1-6,url1-7,url1-8,url1-9,url1-10,url1-11,url1-12,url1-13,url1-14,url1-15,
depth2,depth2-1,depth2-2,depth2-3,depth2-4,depth2-5,depth2-6,depth2-7,depth2-8,depth2-9,depth2-10,depth2-11,depth2-12,depth2-13,,,
url2,url2-1,url2-2,url2-3,url2-4,url2-5,url2-6,url2-7,url2-8,url2-9,url2-10,url2-11,url2-12,url2-13,,,
depth3,depth3-1,depth3-2,depth3-3,depth3-4,depth3-5,depth3-6,depth3-7,depth3-8,depth3-9,depth3-10,depth3-11,,,,,
url3,url3-1,url3-2,url3-3,url3-4,url3-5,url3-6,url3-7,url3-8,url3-9,url3-10,url3-11,,,,,
depth4,depth4-1,depth4-2,depth4-3,depth4-4,depth4-5,depth4-6,depth4-7,depth4-8,depth4-9,depth4-10,depth4-11,depth4-12,depth4-13,depth4-14,depth4-15,
url4,url4-1,url4-2,url4-3,url4-4,url4-5,url4-6,url4-7,url4-8,url4-9,url4-10,url4-11,url4-12,url4-13,url4-14,url4-15,
depth5,depth5-1,depth5-2,depth5-3,depth5-4,depth5-5,depth5-6,depth5-7,depth5-8,depth5-9,depth5-10,depth5-11,depth5-12,depth5-13,depth5-14,depth5-15,
url5,url5-1,url5-2,url5-3,url5-4,url5-5,url5-6,url5-7,url5-8,url5-9,url5-10,url5-11,url5-12,url5-13,url5-14,url5-15,
depth6,depth6-1,depth6-2,depth6-3,depth6-4,depth6-5,depth6-6,depth6-7,depth6-8,depth6-9,depth6-10,depth6-11,,,,,
url6,url6-1,url6-2,url6-3,url6-4,url6-5,url6-6,url6-7,url6-8,url6-9,url6-10,url6-11,,,,,
depth7,depth7-1,depth7-2,depth7-3,depth7-4,depth7-5,depth7-6,depth7-7,depth7-8,depth7-9,depth7-10,depth7-11,,,,,
url7,url7-1,url7-2,url7-3,url7-4,url7-5,url7-6,url7-7,url7-8,url7-9,url7-10,url7-11,,,,,
depth8,depth8-1,depth8-2,depth8-3,depth8-4,depth8-5,depth8-6,depth8-7,depth8-8,depth8-9,depth8-10,depth8-11,depth8-12,depth8-13,depth8-14,depth8-15,depth8-16
url8,url8-1,url8-2,url8-3,url8-4,url8-5,url8-6,url8-7,url8-8,url8-9,url8-10,url8-11,url8-12,url8-13,url8-14,url8-15,url8-16
depth9,depth9-1,depth9-2,depth9-3,depth9-4,depth9-5,depth9-6,depth9-7,depth9-8,depth9-9,depth9-10,depth9-11,,,,,
url9,url9-1,url9-2,url9-3,url9-4,url9-5,url9-6,url9-7,url9-8,url9-9,url9-10,url9-11,,,,,
depth10,depth10-1,depth10-2,depth10-3,depth10-4,depth10-5,depth10-6,depth10-7,depth10-8,depth10-9,depth10-10,depth10-11,depth10-12,depth10-13,,,
url10,url10-1,url10-2,url10-3,url10-4,url10-5,url10-6,url10-7,url10-8,url10-9,url10-10,url10-11,url10-12,url10-13,,,
